City_ID,City,Max Temp,Current Description,Lat,Lng,Hotel Name
2,Vaini,75.36,few clouds,-21.2,-175.2,Keleti Beach Resort
3,Aykhal,78.1,scattered clouds,66.0,111.5,
4,Emba,89.49,clear sky,48.8264,58.1442,
7,Pervomayskoye,83.23,overcast clouds,43.919,46.7102,
8,Ormara,82.22,overcast clouds,25.2088,64.6357,Crystal Beach and Camping Resort Ormara
9,Pekalongan,87.01,few clouds,-6.8886,109.6753,Namira Syariah Hotel
16,Nouakchott,76.93,broken clouds,18.0858,-15.9785,HOTEL IMAN ŸÅŸÜÿØŸÇ ÿ•ŸäŸÖÿßŸÜ
17,Atuona,77.43,few clouds,-9.8,-139.0333,Villa Enata
19,Carutapera,72.1,broken clouds,-1.195,-46.02,Lidera
20,Nelson Bay,68.09,broken clouds,-32.7167,152.15,Mantra Nelson Bay
22,Rikitea,69.35,clear sky,-23.1203,-134.9692,People ThankYou
23,Jiuquan,69.85,overcast clouds,39.7432,98.5174,Jiuquan Hotel
25,Mahebourg,68.29,broken clouds,-20.4081,57.7,Shandrani Beachcomber Resort & Spa
26,Joshimath,80.19,broken clouds,30.5667,79.5667,Shivalik Camps & Resort
27,Samarinda,89.17,broken clouds,-0.5,117.15,Aston Samarinda Hotel & Convention Center
28,Pasighat,89.33,clear sky,28.0667,95.3333,Siang Guest House
29,Polovinnoye,72.95,few clouds,54.7914,65.9864,
33,Dabakala,69.06,scattered clouds,8.3667,-4.4333,H√¥tel Campement
36,Umm Lajj,88.43,few clouds,25.0213,37.2685,Moon light Furnished Units
37,Thompson,75.36,smoke,55.7435,-97.8558,Burntwood Hotel
38,Guerrero Negro,74.25,clear sky,27.9769,-114.0611,"Casa Laguna, Bed & Breakfast"
39,Melita,65.95,overcast clouds,49.2681,-100.9967,Western Star Hotel
43,Agadez,86.85,clear sky,19.75,10.25,
44,Dingle,89.44,overcast clouds,10.9995,122.6711,SEGAYA PROPERTY
49,Luganville,74.34,scattered clouds,-15.5333,167.1667,The Espiritu Hotel
50,Nagar Karnul,78.42,overcast clouds,16.4821,78.3247,Sanjeevani Hills
54,Pendleton,85.24,overcast clouds,45.6721,-118.7886,Americas Best Value Inn Pendleton
55,Cabo San Lucas,87.51,few clouds,22.8909,-109.9124,Hotel Tesoro Los Cabos
56,Greenville,75.11,overcast clouds,35.6127,-77.3663,the 5th Street Inn
58,Puerto Ayora,70.56,scattered clouds,-0.7393,-90.3518,Finch Bay Galapagos Hotel
60,Aguilas,75.33,overcast clouds,37.4063,-1.5829,Hotel Carlos III
62,Marmarion,88.52,clear sky,38.0484,24.3204,GIKAS APARTMENTS - ŒìŒöŒôŒöŒëŒ£ ŒïœÄŒπœÄŒªœâŒºŒ≠ŒΩŒ± ŒîŒπŒ±ŒºŒµœÅŒØœÉŒºŒ±œÑŒ±
63,Hovd,66.09,clear sky,48.0056,91.6419,Hotel Khovd
65,Bethel,68.68,broken clouds,41.3712,-73.414,Courtyard by Marriott Danbury
66,Ixtapa,77.31,broken clouds,20.7,-105.2,Hotel Plaza Providencia
68,Mogadishu,75.81,light rain,2.0371,45.3438,Hotel Juba
69,Georgetown,88.9,few clouds,5.4112,100.3354,Cititel Penang
70,Kloulklubed,79.3,moderate rain,7.0419,134.2556,Storyboard Beach Resort
71,Nan,84.22,few clouds,18.8333,100.6667,‡∏™‡∏∞‡πÄ‡∏ô‡∏µ‡∏¢‡∏ô2
72,Butaritari,83.32,scattered clouds,3.0707,172.7902,Isles Sunset Lodge
75,Russell,79.88,clear sky,32.3502,-85.1999,Macs
76,Poum,70.03,clear sky,-20.2333,164.0167,G√Æte kajeon
77,Kieta,82.63,light rain,-6.2167,155.6333,Uruna Bay Retreat
78,Saint-Pierre,65.88,broken clouds,-21.3393,55.4781,Lindsey H√¥tel
79,Honiara,80.73,broken clouds,-9.4333,159.95,Heritage Park Hotel
81,Yangambi,72.45,overcast clouds,0.8102,24.4336,
83,Sao Filipe,75.25,few clouds,14.8961,-24.4956,Hotel Xaguate
84,Coahuayana,85.48,broken clouds,18.7333,-103.6833,El rranchito michuacan de ocampos
85,Hilo,76.24,light rain,19.7297,-155.09,Hilo Hawaiian Hotel
90,Meulaboh,83.55,overcast clouds,4.1363,96.1285,Kost Pria
91,Viransehir,89.42,overcast clouds,37.2353,39.7631,Viran≈üehir √ñƒüretmenevi
92,Batagay-Alyta,73.27,clear sky,67.8006,130.4114,
93,Saint-Philippe,65.79,scattered clouds,-21.3585,55.7679,"Chambres d'h√¥te ""La Trinit√©"""
94,Shahr-E Babak,80.1,scattered clouds,30.1165,55.1186,Duna Ecolodge
97,Seoul,84.61,light rain,37.5683,126.9778,Î°ØÎç∞Ìò∏ÌÖî ÏÑúÏö∏
102,Kaduna,67.93,light rain,10.5222,7.4383,HAMDALA HOTEL
103,Yellowknife,78.3,few clouds,62.456,-114.3525,The Explorer Hotel
106,Tual,81.52,few clouds,-5.6667,132.75,Grand Vilia Hotel
107,Lotoshino,65.62,overcast clouds,56.2267,35.6414,Hotel Komfort
108,Fort Nelson,89.19,smoke,58.8053,-122.7002,The Fort Nelson Hotel
109,Khatanga,71.94,overcast clouds,71.9667,102.5,"Gostinitsa ""Zapolyar'ye"""
110,Avarua,77.05,light rain,-21.2078,-159.775,Paradise Inn
111,Shache,70.75,overcast clouds,38.4167,77.2406,Delong Hotel
113,Kapaa,85.98,broken clouds,22.0752,-159.319,Sheraton Kauai Coconut Beach Resort
114,Madang,85.37,scattered clouds,-5.2246,145.7966,Comfort Inn Hotel
116,Fukagawa,89.65,overcast clouds,43.7081,142.0392,Irumu Inn
117,Dakar,82.53,broken clouds,14.6937,-17.4441,Redface Studios Meubl√©s
119,Tarauaca,66.81,clear sky,-8.1614,-70.7656,Flat Temporada
120,Awjilah,81.45,clear sky,29.1081,21.2869,
122,Fare,77.27,clear sky,-16.7,-151.0167,Maitai Lapita Village Huahine
124,Los Llanos De Aridane,67.75,overcast clouds,28.6585,-17.9182,Valle Aridane
126,Harper,76.24,overcast clouds,4.375,-7.7169,Screensaver
127,Henties Bay,69.85,clear sky,-22.116,14.2845,Fishermans Guest House
128,Hithadhoo,81.59,broken clouds,-0.6,73.0833,Scoop Guest House
129,Praia Da Vitoria,74.75,light intensity drizzle,38.7333,-27.0667,Hotel Branco I
130,Baduria,89.53,overcast clouds,22.7417,88.7858,Birla Baduria godown
131,Arraial Do Cabo,65.64,few clouds,-22.9661,-42.0278,Pousada Porto Praia
132,Mayo,72.21,overcast clouds,38.8876,-76.5119,Resorts Resource Group International
134,Tubuala,80.71,overcast clouds,9.5167,-79.0333,R√≠o Nabagana
136,Xinye,88.93,light rain,32.5186,112.3522,Lijing International Hotel
138,Jalu,82.02,clear sky,29.0331,21.5482,ÿµÿßÿ≠ÿ®ÿ© ÿßŸÑŸÅÿÆÿßŸÖÿ©
139,Kiknur,69.21,broken clouds,57.3034,47.2011,Gostinitsa
140,Romny,71.98,scattered clouds,50.751,33.4747,Floriana
142,Aswan,85.3,clear sky,24.0934,32.907,Nuba Nile
145,Sawakin,89.56,scattered clouds,19.1059,37.3321,ŸÅŸÜÿØŸÇ ÿßŸÑÿØŸàŸäŸÖ
147,Lagoa,71.94,overcast clouds,39.05,-27.9833,Casa Das Faias
148,Zykovo,70.54,few clouds,55.9519,93.1461,
149,Lisakovsk,78.85,few clouds,52.5369,62.4936,Gostinitsa Lisakovsk
150,Flin Flon,70.48,clear sky,54.7682,-101.865,Victoria Inn Flin Flon
153,Litovko,79.21,overcast clouds,49.2361,135.1742,
158,Neiafu,74.08,light rain,-18.65,-173.9833,Mystic Sands Beachfront Accommodation
161,Vao,67.35,clear sky,-22.6667,167.4833,Hotel Kou-Bugny
164,Ribeira Grande,72.72,few clouds,38.5167,-28.7,Quinta da Meia Eira
166,Padang,84.25,light rain,-0.9492,100.3543,Mercure Padang
167,Souillac,68.38,broken clouds,-20.5167,57.5167,Shanti Maurice Resort & Spa
169,Kathmandu,79.02,scattered clouds,27.7167,85.3167,Hotel Shanker Kathmandu
170,Ponta Delgada,70.52,light intensity drizzle,37.7333,-25.6667,Vila Nova Hotel
171,Hamilton,66.61,clear sky,39.1834,-84.5333,Six Acres Bed & Breakfast
172,Saskylakh,81.12,clear sky,71.9167,114.0833,
173,Lompoc,69.39,clear sky,34.6391,-120.4579,"Holiday Inn Express Lompoc, an IHG Hotel"
174,Ponta Do Sol,72.23,clear sky,32.6667,-17.1,Hotel do Campo
177,Kalmunai,85.6,overcast clouds,7.4167,81.8167,VS Villa
178,Kyshtovka,67.05,light rain,56.555,76.6271,Uyutnaya Mini-Hotel
181,Cuiluan,69.87,light rain,47.72,128.648,Shuncheng Hotel
182,Puerto Carreno,73.8,broken clouds,6.189,-67.4859,Casa Hotel Victoria
184,Aksu,86.47,overcast clouds,41.1231,80.2644,Pudong Holiday Hotel
189,Katsuura,89.71,broken clouds,35.1333,140.3,Katsuura Hotel Mikazuki
191,Airai,77.59,few clouds,-8.9266,125.4092,Juvinal Martin
194,Fairbanks,77.34,scattered clouds,64.8378,-147.7164,Westmark Fairbanks Hotel & Conference Center
195,Gibsons,76.95,clear sky,49.3997,-123.5027,Cedars Inn Hotel & Convention Center
196,Pombas,74.98,broken clouds,17.1503,-25.0201,Paul Paradis
197,Sultanpur,83.64,broken clouds,26.2667,82.0667,OYO 49568 Vrindavan Guest House
199,Sterling,71.74,scattered clouds,39.0062,-77.4286,Hampton Inn & Suites Washington-Dulles International Airport
201,San Quintin,69.82,scattered clouds,30.4833,-115.95,Don Eddie's Sport Fishing Center
202,Sao Felix Do Xingu,73.36,scattered clouds,-6.6447,-51.995,Rio Xingu Camping
205,Mareeba,81.45,clear sky,-17.0,145.4333,Trinity Plains Tourist Park
206,Almirante,82.89,overcast clouds,9.3,-82.4,Hotel 888
208,Pengcheng,84.7,light rain,36.4311,114.17,Fengfeng Dianchang Hotel
209,Sola,81.27,broken clouds,-13.8833,167.55,Leumerus Bungalows
210,Hambantota,84.54,few clouds,6.1241,81.1185,Bungalow 63
212,Garautha,77.77,light rain,25.5667,79.3,P.S.K Automobiles garautha
213,Ayorou,82.06,broken clouds,14.7308,0.9174,Hotel Amenokal
218,Bengkulu,79.18,broken clouds,-3.8004,102.2655,Grage Hotel Bengkulu
222,Igarka,67.08,scattered clouds,67.4667,86.5833,"Zapolyar'ye, Gostinitsa"
227,Dickinson,86.22,clear sky,29.4608,-95.0513,Hampton Inn & Suites Houston/League City
231,Xining,78.94,broken clouds,36.6167,101.7667,Super Leisure Hotel
232,Bahia Honda,79.95,few clouds,22.9036,-83.1592,Casa Gualberto - Deysi
234,Amga,80.22,overcast clouds,60.8953,131.9608,Algys
235,Kavaratti,82.4,broken clouds,10.5669,72.642,Hotels in Lakshadweep Islands
237,Faanui,77.9,few clouds,-16.4833,-151.75,Bora-Bora Pearl Beach Resort & Spa
241,Ketchikan,66.67,clear sky,55.3422,-131.6461,Snows Cove Lodge
242,Muroto,86.04,overcast clouds,33.2833,134.15,Oota Ryokan
243,Riyadh,86.14,clear sky,24.6877,46.7219,"InterContinental Riyadh, an IHG Hotel"
246,La Ronge,73.65,smoke,55.1001,-105.2842,Northland Motor Hotel
247,Kahului,83.46,few clouds,20.8947,-156.47,Maui Seaside Hotel
250,Adrar,88.63,scattered clouds,20.5022,-10.0711,
252,Seminole,81.55,broken clouds,28.7086,-81.2081,Ono Hot Dog Cart and Catering
253,Envira,67.08,clear sky,-7.3,-70.2167,
255,Masallatah,82.24,clear sky,32.6167,14.0,Mustafa Taher Sowaidan
257,Birjand,72.07,clear sky,32.8663,59.2211,Birjand Tourist Hotel
258,Kiunga,83.93,overcast clouds,-6.1219,141.2906,Airport Lodge Kiunga
259,San Ramon,69.49,clear sky,37.7799,-121.978,San Ramon Marriott
260,Serebriya,70.75,broken clouds,48.4559,27.7192,–û—Ç–µ–ª—å Grand Hotel
261,Pochutla,81.45,overcast clouds,15.7432,-96.4661,Hotel Posada San Jose
263,Sioux City,67.66,few clouds,42.5,-96.4003,Hilton Garden Inn Sioux City Riverfront
264,Petropavlovsk-Kamchatskiy,73.99,few clouds,53.0452,158.6483,The Hotel Petropavlovsky
265,Bukachacha,71.44,few clouds,52.9833,116.9167,
266,Khandbari,80.42,overcast clouds,27.3747,87.2039,Sainik Hotel And Lodge
269,Komsomolskiy,81.82,few clouds,40.4272,71.7189,Ikathouse
272,Marsh Harbour,83.88,overcast clouds,26.5412,-77.0636,Abaco Beach Resort
274,Salalah,77.09,light intensity drizzle,17.0151,54.0924,HAMDAN PLAZA HOTEL SALALAH
275,Kashi,69.01,light intensity shower rain,39.4547,75.9797,Â∏ïÁ±≥Â∞îÈùíÂπ¥ÊóÖËàç
276,Sukhumi,74.64,clear sky,43.0033,41.0153,Ritsa Hotel
279,Jurm,75.07,clear sky,36.8648,70.8342,
280,Dolinsk,78.66,few clouds,47.35,142.8,"Gostinitsa ""Yubileynaya"""
281,Port-Gentil,76.59,overcast clouds,-0.7193,8.7815,Fengshui Residence
282,Goderich,65.91,few clouds,43.7501,-81.7165,Harmony Inn
283,Naples,77.76,clear sky,40.8333,14.25,Renaissance Naples Hotel Mediterraneo
285,Talnakh,67.95,broken clouds,69.4865,88.3972,Talnakh Hotel
288,Hailar,74.46,clear sky,49.2,119.7,Holiday Inn & Suites Hulunbuir
289,Cap Malheureux,68.49,light rain,-19.9842,57.6142,Pereybere Hotel & Spa
290,Dubrovnik,80.24,clear sky,42.6481,18.0922,Hotel Dubrovnik Palace
291,Bow Island,87.82,few clouds,49.8668,-111.3684,Pleasant View Lodge
292,Labuhan,87.49,broken clouds,-6.8844,112.2051,PT PPI Lamongan Tambak C
295,Mao,70.36,clear sky,39.8885,4.2658,ARTIEM Capri
296,Ahuimanu,85.71,clear sky,21.4447,-157.8378,Paradise Bay Resort
298,Ugoofaaru,83.1,overcast clouds,5.6667,73.0,Ungoofaaru Inn
299,Alice Springs,74.21,scattered clouds,-23.7,133.8833,Desert Palms Alice Springs
300,Asau,73.76,light rain,46.4333,26.4,Casa Mika Ciobanus
303,General Cepeda,73.99,clear sky,25.3833,-101.45,Hacienda Los Jose
304,Uvarovka,65.21,overcast clouds,55.5278,35.6061,
305,Lazaro Cardenas,80.49,few clouds,17.9583,-102.2,quinta antigua
306,Cockburn Town,82.02,overcast clouds,21.4612,-71.1419,Osprey Beach Hotel
307,Durusu,73.58,clear sky,41.3053,28.6767,√áƒ±nar Pansiyon
308,Kutum,69.35,overcast clouds,14.2,24.6667,Dibbo areaŸÖŸÜÿ∑ŸÇÿ© ÿØÿ®Ÿà
309,Guider,72.77,overcast clouds,9.9342,13.9486,"AUBERGE LA GRACE , G√âRANT : OUDAWAREME BALTHAZAR"
310,Tawang,65.57,overcast clouds,27.5833,91.8667,Hotel Mount View
311,Kantabanji,84.61,broken clouds,20.4833,82.9167,Kamdhenu Borewell And Trading
312,Port Moresby,85.42,haze,-9.4431,147.1797,Lamana Hotel (Port Moresby)
314,Yarada,89.92,broken clouds,17.65,83.2667,Jeevan
315,Kandrian,82.17,overcast clouds,-6.2167,149.55,Kandrian Station
316,Atar,83.48,broken clouds,20.5169,-13.0499,Oumou Elghoura
317,Pyay,77.97,overcast clouds,18.8167,95.2167,Shwe Pyi Thar
319,Cayenne,74.08,clear sky,4.9333,-52.3333,H√¥tel Le Dronmi
321,Izberbash,80.1,scattered clouds,42.5696,47.8645,Ramina
323,Itoman,88.18,scattered clouds,26.1247,127.6694,Southern Beach Hotel & Resort Okinawa
324,Bubaque,78.87,moderate rain,11.2833,-15.8333,"Casa Dora, Bubaque"
325,Maceio,71.04,broken clouds,-9.6658,-35.7353,Poutur Pousada
326,Voykove,80.19,clear sky,45.3826,36.4372,Yuzhnaya
327,Kamiiso,79.18,scattered clouds,41.8167,140.65,„Éì„Ç∏„Éç„ÇπÊ∞ëÂÆø„ÅÇ„Åπ
328,Colares,69.44,overcast clouds,38.7992,-9.4469,Arribas Sintra Hotel
330,Nyurba,84.34,overcast clouds,63.2842,118.3319,Gostinitsa Alrosa
331,Half Moon Bay,68.81,few clouds,37.4636,-122.4286,"The Ritz-Carlton, Half Moon Bay"
332,Abakaliki,73.83,overcast clouds,6.3163,8.1169,Grande Vitesse Apartments and Hotels
333,Wanning,88.92,overcast clouds,18.8003,110.3967,Paradise Hotel
334,Panyutyne,73.78,clear sky,48.9333,36.2833,TIR —Å—Ç–æ—è–Ω–∫–∞
336,Olinda,73.13,scattered clouds,-8.0089,-34.8553,Hotel Albergue de Olinda
338,Bathsheba,81.21,scattered clouds,13.2167,-59.5167,Atlantis Hotel
339,Mersing,89.51,scattered clouds,2.4312,103.8405,Timotel Hotel
341,Namibe,66.15,clear sky,-15.1961,12.1522,Hotel Chik Chik Namibe
342,Kuryk,89.46,clear sky,43.2,51.65,Gostinitsa Kuryk - Otel' Dlya Vsekh Kategoriy Kliyentov .
343,Avera,84.07,few clouds,33.194,-82.5271,
344,Bambous Virieux,68.25,broken clouds,-20.3428,57.7575,Casa Tia Villa
345,Abu Samrah,78.21,clear sky,35.3029,37.1841,
347,Nabire,86.76,scattered clouds,-3.3667,135.4833,Hotel Nusantara Nabire
348,Waddan,78.31,clear sky,29.1614,16.139,ŸÖÿ≠ŸÑ ÿßŸÑÿ¥ÿ±ŸäŸÅ ŸÖÿ≠ŸÖÿØ ÿßŸÑÿπÿßŸäÿ®
349,Caravelas,66.99,broken clouds,-17.7125,-39.2481,Pousada dos Navegantes
350,Kavieng,82.81,light rain,-2.5744,150.7967,Nusa Island Retreat
352,Indramayu,86.67,few clouds,-6.3264,108.32,Grand Trisula Hotel
353,Helong,72.7,overcast clouds,42.5397,128.9972,Helong Hotel
354,Batemans Bay,65.19,clear sky,-35.7167,150.1833,Batemans Bay Marina Resort
356,Shimoda,87.1,overcast clouds,34.6667,138.95,Shimoda Tokyu Hotel
357,Kaliganj,84.56,light rain,23.4095,89.1402,Hasnat Palace
359,Paungde,79.3,overcast clouds,18.4833,95.5,Shwe Eain Matt highly cool guest house
360,Langfang,88.05,scattered clouds,39.5097,116.6947,Wanda Realm Langfang
362,Sibu,80.91,few clouds,2.3,111.8167,RH HOTEL (4 Star)
363,Aklavik,74.12,overcast clouds,68.2191,-135.0107,Aklavik Inn
364,San Miguel,83.86,scattered clouds,13.4833,-88.1833,Hotel Tropico Inn San Miguel
365,Tevaitoa,77.52,clear sky,-16.7833,-151.5,H√¥tel Raiatea Lodge
366,El Sauzal,67.42,clear sky,31.9,-116.6833,La Rosas Hotel & Spa
369,Cabo Rojo,80.67,broken clouds,18.0866,-67.1457,Hotel Perichi's
370,Mount Isa,89.37,scattered clouds,-20.7333,139.5,ibis Styles Mt Isa Verona
372,Gunjur,75.27,broken clouds,13.2019,-16.7339,Kuba Lodge
375,Chihuahua,74.23,broken clouds,28.5,-106.0,
377,Marzuq,79.11,scattered clouds,14.4,46.4667,
378,Taga,66.31,scattered clouds,46.95,24.05,
380,Jacareacanga,77.85,broken clouds,-6.2222,-57.7528,Casa do Ianüòé
381,Hirara,84.47,broken clouds,24.8,125.2833,Hotel Atoll Emerald Miyakojima
382,Amapa,70.32,broken clouds,1.0,-52.0,
383,Sinnamary,76.87,few clouds,5.3833,-52.95,ALETHEIA Appartement Sinnamary
384,San Patricio,86.09,clear sky,28.017,-97.5169,"Motel 6 Sinton, TX"
385,Groton,69.89,light rain,41.3501,-72.0784,Red Roof Inn Mystic - New London
386,Bandiagara,79.23,scattered clouds,14.3501,-3.6104,Hotel de la Falaise
388,Guerrero,68.23,overcast clouds,17.6667,-100.0,Villaxochilt
389,Palm Coast,79.02,broken clouds,29.585,-81.2078,Hammock Beach Golf Resort & Spa
390,Benguela,68.63,clear sky,-12.5763,13.4055,Hotel Praia Morena
395,Temple,82.49,clear sky,31.0982,-97.3428,La Quinta Inn by Wyndham Temple
396,Laguna,87.64,clear sky,38.421,-121.4238,"Holiday Inn Express & Suites Elk Grove Central - Hwy 99, an IHG Hotel"
397,Takayama,88.39,scattered clouds,36.1333,137.25,Country Hotel Takayama
398,Tautira,80.01,clear sky,-17.7333,-149.15,Pension Oaoa
400,Bud,66.29,clear sky,39.447,-86.1758,Ted McQuinn Trust
402,Shadegan,89.55,clear sky,30.6497,48.6647,ŸÖÿ≥ÿßŸÅÿ± ÿÆÿßŸÜŸá ÿßÿ®Ÿà ŸàŸÑ€åÿØ
404,Wad Rawah,78.42,overcast clouds,15.1603,33.1397,ŸàÿØ ÿßŸÑÿ™ÿ±ÿßÿ®Ÿä
405,Ouadda,66.27,light rain,8.0777,22.4007,
406,Tura,79.97,overcast clouds,25.5198,90.2201,Hotel RIKMAN Continental
409,Requena,65.98,overcast clouds,39.4883,-1.1004,Hotel Avenida
413,San Roque,72.41,broken clouds,36.2107,-5.3842,Hotel Guadacorte Park
414,Limon,78.37,overcast clouds,10.0,-83.0333,Hotel Playa Bonita
415,Soe,83.39,scattered clouds,-9.8607,124.284,Dena Hotel
416,Cheyenne,65.91,overcast clouds,41.14,-104.8203,The Historic Plains Hotel & Restaurant
419,Biak,82.51,few clouds,-0.9131,122.8766,Penginapan Kim
421,Anloga,75.42,scattered clouds,5.7947,0.8973,Pin Drop Hotel
423,Grenville,80.65,clear sky,12.1167,-61.6167,Valley Breeze Guest House
426,Tonj,68.52,light rain,7.2737,28.6822,
429,Hecun,83.66,light rain,36.5333,114.1111,Yijia Hotel
430,Horadiz,74.17,overcast clouds,39.4488,47.3353,Horadiz Olympic Center
432,Caririacu,68.09,broken clouds,-7.0422,-39.2836,Pousada Serrana
433,Sundargarh,84.09,overcast clouds,22.1167,84.0333,Sankara City
434,Thinadhoo,80.51,moderate rain,0.5333,72.9333,
436,Port Blair,83.35,overcast clouds,11.6667,92.75,"Welcomhotel By ITC Hotels, Bay Island, Port Blair"
439,Lumut,86.36,few clouds,4.2323,100.6298,"Marina Island Pangkor Resort & Hotel (Suites, Function Rooms and Convention Hall)"
441,Sabang,83.53,overcast clouds,5.8933,95.3214,Hotel Citra
442,Baykit,73.98,overcast clouds,61.67,96.37,
443,Kanigoro,82.99,broken clouds,-8.13,112.219,Musafer Villa ( Villa Erlin )
447,Gravelbourg,73.67,overcast clouds,49.8834,-106.5512,Historic Bishops Residence Bed & Breakfast
448,Arrifes,68.25,light intensity drizzle,37.7667,-25.7,Hotel Ponta Delgada
449,Mlonggo,87.69,few clouds,-6.5333,110.7,Asia Metal Art
450,Lensk,73.24,overcast clouds,60.7253,114.9278,–¢–∏–Ω–û—Ä–°
451,Valpoi,81.97,broken clouds,15.5305,74.1356,Cajueiro Homestead
452,Nabha,87.03,few clouds,30.3747,76.1486,City heart hotel and restaurant
453,Banda Aceh,84.61,overcast clouds,5.5577,95.3222,Sulthan Hotel International
454,Invermere,78.51,overcast clouds,50.5167,-116.0354,Copper Point Resort
457,Pecos,78.3,scattered clouds,31.4229,-103.4932,Knights Inn & Suites Pecos
459,San Cristobal,75.38,overcast clouds,7.7669,-72.225,Posada Villaven C.A.
460,Intipuca,84.15,overcast clouds,13.1969,-88.0544,Tropiclub Playa El Cuco
461,Qianguo,68.74,light rain,45.1171,124.8568,Guo'er Luosi Hotel
462,Namatanai,82.31,light rain,-3.6667,152.4333,Seagulls Inn Namatani
465,Gambo,67.44,overcast clouds,4.6482,22.2633,
466,Boyolangu,80.24,broken clouds,-8.1181,111.8935,Yos ega cv
467,Balkhash,84.81,clear sky,46.844,74.9804,Family
468,San Felipe,72.37,broken clouds,10.3399,-68.7425,Posada Llovizna Rodr√≠guez
469,Tabou,76.06,overcast clouds,4.423,-7.3528,hot√™l doufoulougou
471,Biltine,74.43,overcast clouds,14.5333,20.9167,H√¥tel Trois √âtoiles de Biltine
474,Tarrafal,75.99,overcast clouds,15.2833,-23.7667,Hotel Ixola
476,Houston,86.38,clear sky,29.7633,-95.3633,"Hotel ICON, Autograph Collection"
477,Praia,75.74,few clouds,14.9215,-23.5087,LT Aparthotel
479,Alofi,78.69,few clouds,-19.0595,-169.9187,Taloa Heights
480,Nkhata Bay,65.07,clear sky,-11.6066,34.2907,Mayoka Village
481,Kaili,73.44,overcast clouds,-3.4626,120.2147,
482,Pitimbu,72.19,scattered clouds,-7.4706,-34.8086,Reserva do Abia√≠
484,Ambilobe,69.64,few clouds,-13.2,49.05,H√¥tel & Restaurant DIANA Ambilobe
486,Yokadouma,67.24,overcast clouds,3.5167,15.05,H√¥tel De Ville De Yokadouma
487,Vostok,85.28,broken clouds,46.4856,135.8833,
488,Afogados Da Ingazeira,65.21,broken clouds,-7.7508,-37.6392,Hotel Brotas
489,Canto Do Buriti,70.86,overcast clouds,-8.11,-42.9444,Novo Hotel
490,Bredy,79.23,scattered clouds,52.4153,60.3411,Individual'nyy Predprinimatel' Rakhmanin Andrey Aleksandrovich
491,Port Macquarie,66.16,overcast clouds,-31.4333,152.9167,Rydges Port Macquarie
492,Netanya,75.22,clear sky,32.3329,34.8599,King Koresh Hotel
494,Norman Wells,84.24,smoke,65.282,-126.8329,Heritage Hotel
495,Vilyuysk,85.21,overcast clouds,63.7553,121.6247,Gostinitsa Viliuisk
496,Touros,76.1,clear sky,-5.1989,-35.4608,INN NEW HORIZON
498,Tateyama,89.62,overcast clouds,34.9833,139.8667,Tateyama Seaside Hotel
501,Canutama,72.52,clear sky,-6.5339,-64.3831,Hotel Jhennifer
504,Tahta,84.52,clear sky,26.7693,31.5021,El Salam Hotel
505,Mirnyy,79.83,overcast clouds,62.5353,113.9611,–∫–≤–∞—Ä—Ç–∏—Ä–∞
508,Bonfim,72.54,overcast clouds,3.0833,-59.95,
513,West Odessa,76.48,clear sky,31.8424,-102.4988,Corporate Mobile Housing
514,Kattivakkam,87.89,overcast clouds,13.2167,80.3167,Euronova Freezer
515,Wilmington Island,82.44,broken clouds,32.0036,-80.9737,Breezeway Studio Manor LLC
516,Ballina,68.18,overcast clouds,-28.8667,153.5667,Ramada Hotel & Suites by Wyndham Ballina Byron
517,Hounde,71.56,few clouds,11.5,-3.5167,Carrefour o√π ouvriers dorment
518,Portland,82.6,few clouds,45.5234,-122.6762,Embassy Suites by Hilton Portland Downtown
519,Piacabucu,72.28,few clouds,-10.4056,-36.4344,Pia√ßabu√ßu News
520,Bongandanga,70.39,overcast clouds,1.5,21.05,
521,Kachug,77.36,scattered clouds,53.9606,105.8817,"The hotel ""Empire"""
523,Subang,81.97,broken clouds,-7.1277,108.5283,TPU BAGUS JAYA NGOHOL
524,Buraydah,81.05,clear sky,26.326,43.975,ŸÅŸÜÿØŸÇ ÿ±ÿßÿ≠ÿ© ÿßŸÑÿ≥ŸÑÿßŸÖ
525,Puerto Escondido,83.23,broken clouds,15.85,-97.0667,Aldea del Bazar Hotel and Spa
528,Freeport,70.38,overcast clouds,40.6576,-73.5832,The Freeport Inn and Marina
530,Kemin,82.67,broken clouds,42.7846,75.6892,Hotel Kok-Oirok
531,Salinopolis,76.87,broken clouds,-0.6136,-47.3561,Salinas Park Resort Ma√ßarico AP101
535,Lorengau,85.55,broken clouds,-2.0226,147.2712,Lorengau Harbourside Hotel
536,Naze,85.12,overcast clouds,28.3667,129.4833,Â•ÑÁæé„Éù„Éº„Éà„Çø„ÉØ„Éº„Éõ„ÉÜ„É´
538,Bosaso,89.11,broken clouds,11.2842,49.1816,Red Sea Hotel
539,Hohhot,75.49,clear sky,40.8106,111.6522,Sheraton Hohhot Hotel
540,Samarai,79.32,overcast clouds,-10.6167,150.6667,Nuli Sapi
543,Sakakah,78.37,clear sky,29.9697,40.2064,Fakhamat Al Orjoana Apartment
545,The Valley,82.26,clear sky,18.217,-63.0578,CeBlue Villas & Beach Resort
546,Hami,80.44,clear sky,42.8,93.45,Laoyutang Resort
547,Penhold,78.6,light rain,52.1334,-113.8687,Harvard Park Business Ctr Ltd
548,Cheremshanka,67.98,overcast clouds,56.1192,60.268,Country house Zaozernoe
550,Kinshasa,68.38,overcast clouds,-4.3246,15.3215,Flat Hotel Alhdeef
551,Omboue,73.63,broken clouds,-1.5746,9.2618,Hotel Olako
553,Acapulco,80.76,scattered clouds,16.8634,-99.8901,HS Hotsson Smart Acapulco
554,Filingue,82.44,broken clouds,14.3521,3.3168,
555,West Wendover,74.41,clear sky,40.7391,-114.0733,"Motel 6 Wendover, UT"
556,Nizhnyaya Maktama,75.76,scattered clouds,54.8636,52.4281,K.tsetkin Dom 4
557,Floriano,74.93,overcast clouds,-6.7669,-43.0225,Hotel Maktub
558,Kousseri,75.16,broken clouds,12.0769,15.0306,Le Pilotis
560,Dzerzhinskoye,73.49,broken clouds,56.8344,95.2283,Kolos
561,Angoche,65.64,clear sky,-16.2325,39.9086,Guest House HESADA
563,Panorama,78.42,clear sky,40.5878,23.0315,Panorama Hotel
564,Ranau,79.45,overcast clouds,5.9538,116.6641,The Second Room
565,Dauriya,78.37,clear sky,49.9333,116.8667,
566,Ternate,84.34,overcast clouds,0.8,127.4,Grand Dafam Bela Ternate
567,Narrabri,74.52,clear sky,-30.3167,149.7833,Crossroads Hotel
569,Belokurikha,83.05,broken clouds,51.9959,84.9896,Neo Hotel
570,Dhidhdhoo,83.3,overcast clouds,6.8833,73.1,Dhidhoo beach
571,Vorukh,76.1,broken clouds,39.8494,70.5838,
574,Sao Raimundo Das Mangabeiras,77.68,broken clouds,-7.0219,-45.4811,Hotel Tropical
575,Axim,74.86,clear sky,4.8699,-2.2405,AXIM BEACH RESORT AND SPA
576,Chegdomyn,68.83,overcast clouds,51.1167,133.0167,Gostinitsa Bureya
578,Merauke,83.3,clear sky,-8.4667,140.3333,
579,Yumen,74.32,broken clouds,40.2833,97.2,
582,Karratha,74.73,clear sky,-20.7377,116.8463,ibis Styles Karratha
583,Haines Junction,78.75,broken clouds,60.7522,-137.5108,Parkside Inn
586,Gat,84.4,clear sky,31.61,34.7642,OlusHome
587,Divnogorsk,70.29,clear sky,55.9594,92.3619,–î–∏–≤–Ω—ã–π
588,Hinton,75.24,overcast clouds,53.4001,-117.5857,Econo Lodge & Suites
591,Damghan,77.18,broken clouds,36.1683,54.348,ÿÆŸàÿßÿ®⁄ØÿßŸá ÿßÿ≥ÿßÿ™ŸäÿØ ÿØÿßŸÜÿ¥⁄ØÿßŸá ÿØÿßŸÖÿ∫ÿßŸÜ
592,Fukue,84.56,broken clouds,32.6881,128.8419,Goto Guesthouse Utojuku & SA Car Rental
593,Kokopo,84.58,light rain,-4.352,152.2633,Kokopo Beach Bungalow Resort
595,Cozumel,82.38,clear sky,20.5083,-86.9458,Cozumel Palace¬Æ All Inclusive Resort
597,Miri,77.14,scattered clouds,4.4148,114.0089,"Mega Hotel, Miri"
598,Rock Sound,83.8,scattered clouds,24.9,-76.2,Rock Sound Club
600,Laurel,70.75,broken clouds,39.0993,-76.8483,Days Inn & Suites by Wyndham Laurel Near Fort Meade
601,San Mateo Del Mar,81.57,overcast clouds,16.2,-95.0,
602,Gorontalo,87.31,scattered clouds,0.5412,123.0595,Maqna Hotel by Prasanthi
607,Aden,82.92,few clouds,12.7794,45.0367,Sama Emirate Hotel
608,Goure,75.79,overcast clouds,13.9835,10.2704,
611,Orel-Izumrud,75.02,few clouds,43.4583,39.9244,Strana Magnoliy
612,Kudat,89.53,few clouds,6.8837,116.8477,Dream Garden Hotel
613,Atlatlahucan,70.23,overcast clouds,18.9333,-98.9,CALLE GIRASOLES COL LOS CERRITOS
616,Grand-Santi,71.83,overcast clouds,4.25,-54.3833,Hotel La Villa Couacou
619,Yerofey Pavlovich,68.31,scattered clouds,53.9667,121.9667,lounges and warm parking
623,Alappuzha,83.91,overcast clouds,9.49,76.3264,Panoramic Sea Resort
624,Bourail,69.73,clear sky,-21.5667,165.4833,Motel Allamanda
627,Tanout,83.34,broken clouds,14.9709,8.8879,
629,Yinchuan,88.84,overcast clouds,38.4681,106.2731,JJ Inns - Yinchuan New Moon Square Branch
631,Winnemucca,82.45,clear sky,40.973,-117.7357,Winners Inn Casino
632,Davila,80.58,moderate rain,18.4726,120.5763,Blue Ridge Beach Resort
633,Xinqing,69.48,overcast clouds,48.2333,129.5,
634,Walvis Bay,70.75,clear sky,-22.9575,14.5053,Oyster Box Guesthouse
635,La Asuncion,80.33,few clouds,11.0333,-63.8628,Colinas de Matasiete
637,Clarence Town,67.95,broken clouds,-32.5833,151.7833,River Downs Cottage
638,Manaure,82.62,clear sky,11.7751,-72.4445,Hotel Palaaima
642,Sambava,67.35,scattered clouds,-14.2667,50.1667,Melrose
643,Krasnoselkup,69.76,broken clouds,65.7,82.4667,Krasnosel'kupnefteprodukt
648,Whitehorse,86.02,few clouds,60.7161,-135.0538,The Sternwheeler Hotel & Conference Centre
649,Seguela,67.1,scattered clouds,7.9611,-6.6731,Hotel le Carrefour
650,Kondinskoye,65.07,clear sky,59.6481,67.41,Gostinitsa
651,Osa,68.13,broken clouds,57.2829,55.4567,–ì–æ—Å—Ç–∏–Ω–∏—Ü–∞ –û—Å–∞
654,Sigiriya,84.99,overcast clouds,7.9518,80.7426,Hotel Sigiriya
655,Pacifica,68.63,few clouds,37.6138,-122.4869,"Pacifica Lighthouse, Trademark Collection by Wyndham"
657,Kuragino,69.28,few clouds,53.8975,92.6725,Gostinitsa Tuba
658,Champasak,86.88,overcast clouds,14.75,106.0,Kiat Ngong Wetland BUNGALOW
659,Tongliao,69.51,light rain,43.6125,122.2653,Meirujia Hotel
660,Dourbali,74.73,overcast clouds,11.8091,15.8632,
661,Iquitos,75.24,broken clouds,-3.7481,-73.2472,Casa Morey Hotel & Restaurant
664,Zinder,79.36,overcast clouds,13.8072,8.9881,Hotel de Ville
665,Karabulak,68.99,clear sky,43.3036,44.8964,U Yakh'i
666,Matay,81.64,clear sky,28.419,30.7792,Nag Aespen
667,Saint Anthony,69.15,clear sky,45.0205,-93.218,"Holiday Inn Express Roseville-St. Paul, an IHG Hotel"
668,Funehiki,87.8,clear sky,37.4333,140.5833,Ëä±„ÅÆÊπØ
669,Kalanchak,75.97,clear sky,46.2562,33.2907,–î–û–ú –º–∏–ª–∏–π –¥—ñ–º
670,Mahon,70.36,clear sky,39.8885,4.2658,ARTIEM Capri
671,Sarangani,84.11,moderate rain,5.4033,125.4636,Ballistic Islet
672,Puerto Baquerizo Moreno,70.9,scattered clouds,-0.9,-89.6,Hotel los Algarrobos
673,Tashtyp,73.56,few clouds,52.7939,89.8983,Oblachnyye Glubiny Orden Gusu Lan'
675,San Salvador,75.43,broken clouds,13.6894,-89.1872,Hostal La Portada
677,Vanavara,75.6,broken clouds,60.34,102.2797,
678,Ekibastuz,83.62,clear sky,51.6667,75.3667,
681,Golden Gate,86.99,clear sky,26.1879,-81.6951,Quality Inn & Suites Golf Resort
683,Tolbazy,69.89,overcast clouds,54.0241,55.8825,Business Centre
684,Englewood,74.52,broken clouds,39.6478,-104.9878,Holiday Motel
685,Cabra,66.9,overcast clouds,37.4725,-4.4421,MS Fuente Las Piedras
687,Ciresu,73.4,clear sky,44.95,27.35,Ulmu - mohreanu BR
688,Sembe,69.48,light rain,1.6481,14.5806,
689,Kendari,85.68,few clouds,-3.945,122.4989,Hotel Wixel
690,Cardston,82.26,overcast clouds,49.2,-113.3019,Flamingo Motel
691,South Valley,78.21,broken clouds,35.0101,-106.6781,desert palms rv park
692,Bandarbeyla,82.26,few clouds,9.4942,50.8122,JABIR HOTEL
693,Sabha,82.76,clear sky,27.0377,14.4283,Foundation Taaj Asala for Historical Research and Archeology
694,Vila Franca Do Campo,70.21,broken clouds,37.7167,-25.4333,Pestana Bahia Praia
695,Kismayo,74.82,light rain,-0.3582,42.5454,Agan-Hotel
697,Kavarna,77.58,clear sky,43.4333,28.3333,–í–∏–ª–∞ –ê–ª–µ–≥—Ä–∞ (Villa Allegra)
698,Primero De Enero,78.66,light rain,21.9469,-78.4283,Motel Dos Palmas (Maria Machete)
699,Yuanping,81.66,clear sky,38.7153,112.7575,Yuanping Xinghe Guesthouse
700,Balabac,86.5,broken clouds,7.9868,117.0645,Sing and Swing Lodge
703,Manokwari,84.33,scattered clouds,-0.8667,134.0833,Swiss Belhotel Manokwari
704,Ponca City,75.78,clear sky,36.707,-97.0856,"Holiday Inn Express & Suites Ponca City, an IHG Hotel"
705,Richards Bay,68.41,overcast clouds,-28.783,32.0377,BON Hotel Waterfront Richards Bay
706,Hosakote,78.49,broken clouds,14.2769,77.1699,AVN lodge
